he,is,the,most,qualified,to,wage,the,battle,for,social,reform
he,has,finally,yielded,to,the,public,demand
he,falls,unawares,into,a,pit
he,knows,nothing,the,fool,thinks,he,knows,all
he,knows,all
he,ar,able,provocation
he,has,finding,work
he,wants,to,give,back,to,Germany,he,wants,to,give,back,Germany,what,she,has,lost,in,the,catastrophe
he,wants,to,give,back,Germany,what,she,has,lost,in,the,catastrophe
he,was,imbued,with,the,antiSemitic,virus,I,could,think,of,nothing,more,unfortunate,than,to,have,the,religious,issue,dragged,into,a,political,campaign
he,and,the,Republican,Party,are,averse,to,dragging,in,the,religious,issue,in,the,campaign
he,found,that,there,was,not,one,single,Government,willing,to,accept,a,quota,of,Jewish,immigrants,fleeing,from,persecution,in,Germany
he,conferred,public,health,decorations,on,five,Jewish,physicians,‘,for,exceptional,patriotic,merit,At,the,same,time,the,antiSemitic,movement,is,mak,ing,very,rapid,strides
he,is,expected,to,consult,with,Premier,Leon,Blum,who,is,re,garded,as,the,staunchest,friend,of,the,Zionist,cause
he,is,still,criticised
he,were,some,rare,creature
he,has,seen,thereafter
he,is,being,received,as,the,uncrowned,King,of,America,However,a,great,many,Americans,will,feel,that,the,Colonel,would,have,done,much,better,had,he,stayed,in,New,Jersey,tinkering,with,his,air,plane,which,he,knows,and,of,which,he,is,the,supreme,master,rather,than,brave,the,winds,of,European,politics,of,which,he,knows,next,to,nothing
he,stayed,in,New,Jersey,tinkering,with,his,air,plane,which,he,knows,and,of,which,he,is,the,supreme,master,rather,than,brave,the,winds,of,European,politics,of,which,he,knows,next,to,nothing
he,knows,and,of,which,he,is,the,supreme,master,rather,than,brave,the,winds,of,European,politics,of,which,he,knows,next,to,nothing
he,is,the,supreme,master,rather,than,brave,the,winds,of,European,politics,of,which,he,knows,next,to,nothing
he,knows,next,to,nothing
he,can,deliver,the,vote,of,the,people,of,the,Jewish,faith
he,can,dictate,the,Jewish,vote
he,ascribes,to,Governor,Lehman
he,becomes,just,as,easily,annoyed,when,someone,reminds,him,that,try,as,he,will,he,can,not,escape,his,Jewishness
he,will,he,can,not,escape,his,Jewishness
he,can,not,escape,his,Jewishness
he,also,ran,it,in,independent,‘,newspapers,as,a,paid,advertisement
he,has,done,a,noble,thing,by,his,flag,discharged,a,sacred,duty
he,worked,harm,that,is,almost,irreparable
he,sold,himself,body,and,soul,to,William,—,Randolph,Hearst
he,impress,the,invisible,American,—,eagle,upon,the,pages,of,his,journals
he,is,he,casts,the,first,stone,at,a,fellow,Jew,who,he,insinuates,is,about,to,use,his,people,to,help,create,dictators,and,promote,demagoguery
he,casts,the,first,stone,at,a,fellow,Jew,who,he,insinuates,is,about,to,use,his,people,to,help,create,dictators,and,promote,demagoguery
he,insinuates,is,about,to,use,his,people,to,help,create,dictators,and,promote,demagoguery
he,blows,at,cold
