woman,rent,us,a,small,place
woman,place,we,meet,this,family,Turkish,family,mother,daughter,and,father
woman,another,of,my,friend,grandmother,she,was,90,years,old,she,start,to,complain,aboutshe,start,to,cry,and,scream
woman
woman,a,blonde,woman,another,young,woman,and,somehow,they,have,hair,those,women,They,didnt,shave,them
woman,another,young,woman,and,somehow,they,have,hair,those,women,They,didnt,shave,them
woman,and,somehow,they,have,hair,those,women,They,didnt,shave,them
woman,she,probably,was,a,young,teenager,maybe,twelve,very,thin,black,hair
woman,was,the,friend,and,the,sister,was,the,other,girl
woman,was,trying,to,console,her
woman,came,to,sit,next,and,she,asked,me,Are,you,Italian,A,little,bit,of,broken,Italian
woman,from,Rhodes
woman,I,dont,know,if,she,was,American,or,British,they,were,all,very,busy,and,very,shocked,by,the,whole,thing
woman,she,was,very,beautiful,woman,very,very,wealthy,people
woman,very,very,wealthy,people
woman,next,to,me
woman,Stella,Varon,They,said,Yes,Is,one,of,the,two,brothers,and,Lauras,sister,Well,we,brought,her,from,Poland,and,then,Germany,to,Merano,North,Italy
woman,very,old,family,Roman,from,Rome,and,hes,now,very,very,healthy
woman,over,there,and,he,have,two,boys
woman,she,was,always,inviting,me,to,her,house,and,she,said,I,want,to,see,your,place,also,Laura,‚Äù,She,tried,to,be,close,to,me,because,she,knew,all,that
woman,here,or,if,you,go,to,her,house,I,am,not,going,to,speak,to,you,again
woman
woman,you,are,Well,I,saidIm,not,afraid
woman,alone
